[
  {
    "ClientId": "code-mock-client",
    "ClientSecrets": [ "code-mock-client-secret" ],
    "Description": "Client for code flow",
    "AllowedGrantTypes": [ "authorization_code" ],
    "AllowOfflineAccess": true,
    "AlwaysIncludeUserClaimsInIdToken": true,
    "RedirectUris": [ "http://localhost:3000/auth/oidc", "http://localhost:4004/auth/oidc" ],
    "AllowedScopes": [ "openid", "offline" ],
    "RequirePkce": "false",
    "ClientClaimsPrefix": "",
    "Claims": [
      {
        "Type": "string_claim",
        "Value": "string_claim_value",
        "ValueType": "string"
      },
      {
        "Type": "json_claim",
        "Value": "[\"value1\", \"value2\"]",
        "ValueType": "json"
      }
    ]
  },
  {
    "ClientId": "code-id-token-mock-client",
    "ClientSecrets": [ "code-id-token-mock-secret" ],
    "Description": "Client for code flow",
    "AllowedGrantTypes": [ "hybrid" ],
    "AllowOfflineAccess": true,
    "AlwaysIncludeUserClaimsInIdToken": true,
    "RedirectUris": [ "http://localhost:3000/callback" ],
    "AllowedScopes": [ "openid", "offline" ],
    "RequirePkce": "false",
    "ClientClaimsPrefix": "",
    "Claims": [
      {
        "Type": "string_claim",
        "Value": "string_claim_value",
        "ValueType": "string"
      },
      {
        "Type": "json_claim",
        "Value": "[\"value1\", \"value2\"]",
        "ValueType": "json"
      }
    ]
  },
  {
    "ClientId": "multidomainapp",
    "ClientSecrets": [ "multidomainapp-secret" ],
    "Description": "Client for multidomainapp with hybrid flow",
    "AllowedGrantTypes": [ "hybrid" ],
    "AllowOfflineAccess": true,
    "AlwaysIncludeUserClaimsInIdToken": true,
    "RedirectUris": [ "http://multidomainapp.local:3000/callback" ],
    "AllowedScopes": [ "openid", "offline" ],
    "RequirePkce": "false",
    "ClientClaimsPrefix": ""
  }
]
